--
-- PostgreSQL database dump
--

-- Dumped from database version 15.1
-- Dumped by pg_dump version 15.1

-- Started on 2022-12-12 15:55:17 +07

SET statement_timeout = 0;
SET lock_timeout = 0;
SET idle_in_transaction_session_timeout = 0;
SET client_encoding = 'UTF8';
SET standard_conforming_strings = on;
SELECT pg_catalog.set_config('search_path', '', false);
SET check_function_bodies = false;
SET xmloption = content;
SET client_min_messages = warning;
SET row_security = off;

SET default_tablespace = '';

SET default_table_access_method = heap;

--
-- TOC entry 217 (class 1259 OID 24599)
-- Name: category; Type: TABLE; Schema: public; Owner: postgres
--

CREATE TABLE public.category (
    id integer NOT NULL,
    name character varying(255)
);


ALTER TABLE public.category OWNER TO postgres;

--
-- TOC entry 216 (class 1259 OID 24598)
-- Name: category_id_seq; Type: SEQUENCE; Schema: public; Owner: postgres
--

ALTER TABLE public.category ALTER COLUMN id ADD GENERATED BY DEFAULT AS IDENTITY (
    SEQUENCE NAME public.category_id_seq
    START WITH 1
    INCREMENT BY 1
    NO MINVALUE
    NO MAXVALUE
    CACHE 1
);


--
-- TOC entry 219 (class 1259 OID 24605)
-- Name: image; Type: TABLE; Schema: public; Owner: postgres
--

CREATE TABLE public.image (
    id integer NOT NULL,
    file_name character varying(255),
    product_id integer NOT NULL
);


ALTER TABLE public.image OWNER TO postgres;

--
-- TOC entry 218 (class 1259 OID 24604)
-- Name: image_id_seq; Type: SEQUENCE; Schema: public; Owner: postgres
--

ALTER TABLE public.image ALTER COLUMN id ADD GENERATED BY DEFAULT AS IDENTITY (
    SEQUENCE NAME public.image_id_seq
    START WITH 1
    INCREMENT BY 1
    NO MINVALUE
    NO MAXVALUE
    CACHE 1
);


--
-- TOC entry 225 (class 1259 OID 24648)
-- Name: orders; Type: TABLE; Schema: public; Owner: postgres
--

CREATE TABLE public.orders (
    id integer NOT NULL,
    count integer NOT NULL,
    date_time timestamp without time zone,
    number character varying(255),
    price real NOT NULL,
    status integer,
    person_id integer NOT NULL,
    product_id integer NOT NULL
);


ALTER TABLE public.orders OWNER TO postgres;

--
-- TOC entry 224 (class 1259 OID 24647)
-- Name: orders_id_seq; Type: SEQUENCE; Schema: public; Owner: postgres
--

ALTER TABLE public.orders ALTER COLUMN id ADD GENERATED BY DEFAULT AS IDENTITY (
    SEQUENCE NAME public.orders_id_seq
    START WITH 1
    INCREMENT BY 1
    NO MINVALUE
    NO MAXVALUE
    CACHE 1
);


--
-- TOC entry 215 (class 1259 OID 16427)
-- Name: person; Type: TABLE; Schema: public; Owner: postgres
--

CREATE TABLE public.person (
    id integer NOT NULL,
    login character varying NOT NULL,
    password character varying NOT NULL,
    role character varying(255)
);


ALTER TABLE public.person OWNER TO postgres;

--
-- TOC entry 214 (class 1259 OID 16426)
-- Name: person_id_seq; Type: SEQUENCE; Schema: public; Owner: postgres
--

ALTER TABLE public.person ALTER COLUMN id ADD GENERATED BY DEFAULT AS IDENTITY (
    SEQUENCE NAME public.person_id_seq
    START WITH 1
    INCREMENT BY 1
    NO MINVALUE
    NO MAXVALUE
    CACHE 1
);


--
-- TOC entry 221 (class 1259 OID 24611)
-- Name: product; Type: TABLE; Schema: public; Owner: postgres
--

CREATE TABLE public.product (
    id integer NOT NULL,
    date_time_of_created timestamp without time zone,
    description text NOT NULL,
    price real NOT NULL,
    seller character varying(255) NOT NULL,
    title text NOT NULL,
    warehouse character varying(255) NOT NULL,
    category_id integer NOT NULL,
    CONSTRAINT product_price_check CHECK ((price >= (1)::double precision))
);


ALTER TABLE public.product OWNER TO postgres;

--
-- TOC entry 223 (class 1259 OID 24632)
-- Name: product_cart; Type: TABLE; Schema: public; Owner: postgres
--

CREATE TABLE public.product_cart (
    id integer NOT NULL,
    person_id integer,
    product_id integer
);


ALTER TABLE public.product_cart OWNER TO postgres;

--
-- TOC entry 222 (class 1259 OID 24631)
-- Name: product_cart_id_seq; Type: SEQUENCE; Schema: public; Owner: postgres
--

ALTER TABLE public.product_cart ALTER COLUMN id ADD GENERATED BY DEFAULT AS IDENTITY (
    SEQUENCE NAME public.product_cart_id_seq
    START WITH 1
    INCREMENT BY 1
    NO MINVALUE
    NO MAXVALUE
    CACHE 1
);


--
-- TOC entry 220 (class 1259 OID 24610)
-- Name: product_id_seq; Type: SEQUENCE; Schema: public; Owner: postgres
--

ALTER TABLE public.product ALTER COLUMN id ADD GENERATED BY DEFAULT AS IDENTITY (
    SEQUENCE NAME public.product_id_seq
    START WITH 1
    INCREMENT BY 1
    NO MINVALUE
    NO MAXVALUE
    CACHE 1
);


--
-- TOC entry 3630 (class 0 OID 24599)
-- Dependencies: 217
-- Data for Name: category; Type: TABLE DATA; Schema: public; Owner: postgres
--

INSERT INTO public.category (id, name) VALUES (1, 'Телевизоры');
INSERT INTO public.category (id, name) VALUES (2, 'Саундбары');
INSERT INTO public.category (id, name) VALUES (3, 'Кронштейны');


--
-- TOC entry 3632 (class 0 OID 24605)
-- Dependencies: 219
-- Data for Name: image; Type: TABLE DATA; Schema: public; Owner: postgres
--

INSERT INTO public.image (id, file_name, product_id) VALUES (1, '6051e601-209e-48ee-9698-29cc99e61adf.0df91e4d-24e0-4c84-9fe6-6aa88b398585.10026650bb.jpg', 1);
INSERT INTO public.image (id, file_name, product_id) VALUES (2, '86477b4f-76b7-40bf-8adf-36d8e1c55494.0c0b9b24-64c3-4916-a6ea-587b0caab396.10026650bb2.webp', 1);
INSERT INTO public.image (id, file_name, product_id) VALUES (3, 'e685cceb-2896-4e2b-8a43-902f9200b88c.0d2b3996-258e-46ed-a686-6f07d9e0c877.10026650b4.webp', 1);
INSERT INTO public.image (id, file_name, product_id) VALUES (4, '4ab44495-d75e-4430-9884-98e11a886ded.9c0defb5-c51e-41fa-9b90-713b34d901ad.10026650bb3.webp', 1);
INSERT INTO public.image (id, file_name, product_id) VALUES (5, 'a60b0688-2734-425e-b052-9ea3e7146493.f6b482c9-3577-4ebf-a6f3-038205ff349a.10026650bb1.webp', 1);
INSERT INTO public.image (id, file_name, product_id) VALUES (6, 'ffa90db5-bee8-43ec-b061-d1d0c80e442d.10031560b.webp', 2);
INSERT INTO public.image (id, file_name, product_id) VALUES (7, '55577b45-1905-4e47-99a9-24774729983e.10031560b1.webp', 2);
INSERT INTO public.image (id, file_name, product_id) VALUES (8, '1dd73f14-dc83-44e8-9c76-e1a88165e620.10031560b2.webp', 2);
INSERT INTO public.image (id, file_name, product_id) VALUES (9, '7e7d8050-fd91-4bc2-8d34-5b2d4d92587f.10031560b4.webp', 2);
INSERT INTO public.image (id, file_name, product_id) VALUES (10, '9da0a356-811a-40a5-a202-bfb239d4e529.10031560b5.webp', 2);
INSERT INTO public.image (id, file_name, product_id) VALUES (11, 'e1611adc-edb6-406b-afdf-8d86c9ab9c10.10031138bb.webp', 3);
INSERT INTO public.image (id, file_name, product_id) VALUES (12, 'baf3382d-a26c-4ddf-a3cf-34012a8a530f.10031138b5.webp', 3);
INSERT INTO public.image (id, file_name, product_id) VALUES (13, 'a106f278-a0d2-4eb8-bd8d-d8da7d76f48c.10031138b3.webp', 3);
INSERT INTO public.image (id, file_name, product_id) VALUES (14, '265bf81c-61e3-4d9c-a985-ce3997fe2314.10031138b2.webp', 3);
INSERT INTO public.image (id, file_name, product_id) VALUES (15, 'e313e4a4-a3a3-47d2-89ba-13ff24f44068.10031138b1.webp', 3);
INSERT INTO public.image (id, file_name, product_id) VALUES (16, '83875d6e-428a-4263-adf4-7074a8721b47.10031378b1.webp', 4);
INSERT INTO public.image (id, file_name, product_id) VALUES (17, 'afad07ae-6169-4b4e-b4ab-641d5689d728.10031378b.webp', 4);
INSERT INTO public.image (id, file_name, product_id) VALUES (18, 'd66bb369-51cd-48ae-afcb-45c74615c7e1.10031378b2.webp', 4);
INSERT INTO public.image (id, file_name, product_id) VALUES (19, 'f5c5cf23-37d5-4f04-a8ae-bb08c8de8dee.10031378b4.webp', 4);
INSERT INTO public.image (id, file_name, product_id) VALUES (20, '9e01f0d3-336a-4858-875b-40b3efe03375.10031378b5.webp', 4);
INSERT INTO public.image (id, file_name, product_id) VALUES (21, 'e681dac5-9b75-4fe4-9f9b-72e9cb7f505c.10021531b2.webp', 5);
INSERT INTO public.image (id, file_name, product_id) VALUES (22, 'a79720ac-eb2b-4954-aa30-09b64b7c2684.10021531b3.webp', 5);
INSERT INTO public.image (id, file_name, product_id) VALUES (23, '00499f4f-02f6-41c0-8c2c-ebf50264edc3.10021531bb.webp', 5);
INSERT INTO public.image (id, file_name, product_id) VALUES (24, 'b4b41901-c284-449f-bcd0-5de612a12c92.10021531bb1.webp', 5);
INSERT INTO public.image (id, file_name, product_id) VALUES (25, '54461719-d37c-41fa-9be0-300eff19ef9f.10021531bb5.webp', 5);
INSERT INTO public.image (id, file_name, product_id) VALUES (26, 'b90a7ccf-de39-44cb-b5a4-57d26fbe337d.10020140bb.webp', 6);
INSERT INTO public.image (id, file_name, product_id) VALUES (27, 'f77f6000-e59b-48a6-b78a-184aaa1e3a7f.10020140bb1.webp', 6);
INSERT INTO public.image (id, file_name, product_id) VALUES (28, 'b6755cf5-8eb0-4135-8fd5-64a3dd2a257a.10020140bb2.webp', 6);
INSERT INTO public.image (id, file_name, product_id) VALUES (29, '18be4a75-cb2e-4bcf-837c-f9e0dc79c8fd.10020140bb3.webp', 6);
INSERT INTO public.image (id, file_name, product_id) VALUES (30, '597a99a1-8173-4570-8a40-6b22653b76d2.10020140bb5.webp', 6);
INSERT INTO public.image (id, file_name, product_id) VALUES (31, '67516329-c265-4f07-84d3-fe0b5e21a704.50051263b.webp', 7);
INSERT INTO public.image (id, file_name, product_id) VALUES (32, 'f95ffeb7-21a3-4d41-a137-80a523588f0c.50051263b1.webp', 7);
INSERT INTO public.image (id, file_name, product_id) VALUES (33, '92f3a0b5-a95e-41e0-ba7d-b6bfc23b49c6.50051263b2.webp', 7);
INSERT INTO public.image (id, file_name, product_id) VALUES (34, '89f158d0-5e92-485e-869b-2a7d2705f026.50051263b3.webp', 7);
INSERT INTO public.image (id, file_name, product_id) VALUES (35, 'c47b3f51-90d6-4bfe-bf05-e03b1cfb179b.', 7);
INSERT INTO public.image (id, file_name, product_id) VALUES (36, '3de4ca2a-a7c0-4c34-9161-39952a30e970.50050749b.webp', 8);
INSERT INTO public.image (id, file_name, product_id) VALUES (37, 'e77e5465-b854-4df7-9753-9877806e207a.50050749b1.webp', 8);
INSERT INTO public.image (id, file_name, product_id) VALUES (38, '5f7ea4eb-16bb-4944-87fd-2ae58d0b0080.50050749b2.webp', 8);
INSERT INTO public.image (id, file_name, product_id) VALUES (39, '8aac8e43-cee8-4615-a744-ef7bea368441.50050749b3.webp', 8);
INSERT INTO public.image (id, file_name, product_id) VALUES (40, 'a5499eee-ee53-4b70-adc0-36469ee3cc61.', 8);
INSERT INTO public.image (id, file_name, product_id) VALUES (41, '410dcf49-4d87-407e-a97a-0b662c22c475.50053349b.webp', 9);
INSERT INTO public.image (id, file_name, product_id) VALUES (42, '6262347e-6196-4db9-9a40-07a70a2bc514.50053370b1.webp', 9);
INSERT INTO public.image (id, file_name, product_id) VALUES (43, '1e4a2120-f612-4901-bb40-7617df9e98a0.50053370b2.webp', 9);
INSERT INTO public.image (id, file_name, product_id) VALUES (44, '2b0a560c-f643-4cda-88a2-7d853b1e8a6a.', 9);
INSERT INTO public.image (id, file_name, product_id) VALUES (45, 'dfdb1c6a-a144-49e7-87ce-fd16bc58d5fd.', 9);


--
-- TOC entry 3638 (class 0 OID 24648)
-- Dependencies: 225
-- Data for Name: orders; Type: TABLE DATA; Schema: public; Owner: postgres
--

INSERT INTO public.orders (id, count, date_time, number, price, status, person_id, product_id) VALUES (4, 1, '2022-12-11 12:10:27.331091', '73b2f766-c8be-4b1e-bc6f-46b55c58193d', 62990, 1, 2, 3);
INSERT INTO public.orders (id, count, date_time, number, price, status, person_id, product_id) VALUES (6, 1, '2022-12-11 23:06:46.256872', '19f40a23-cfc2-4ff0-8fed-8a17192dd110', 84990, 3, 2, 1);
INSERT INTO public.orders (id, count, date_time, number, price, status, person_id, product_id) VALUES (5, 1, '2022-12-11 16:40:47.258163', '6c34cad1-9878-427d-a9de-f8f52e97867e', 25990, 3, 2, 4);
INSERT INTO public.orders (id, count, date_time, number, price, status, person_id, product_id) VALUES (1, 1, '2022-12-10 16:01:26.47707', '921fa9ff-5d59-4903-885f-015c317a9fcf', 146990, 4, 2, 2);
INSERT INTO public.orders (id, count, date_time, number, price, status, person_id, product_id) VALUES (2, 1, '2022-12-10 16:02:53.969184', '6d0dbc2f-f0ef-4821-9260-12d3d2c6ac0f', 146990, 4, 2, 2);
INSERT INTO public.orders (id, count, date_time, number, price, status, person_id, product_id) VALUES (8, 1, '2022-12-12 00:01:25.427246', 'de718120-bc35-44da-9662-90d45aebe323', 62990, 1, 2, 3);
INSERT INTO public.orders (id, count, date_time, number, price, status, person_id, product_id) VALUES (9, 1, '2022-12-12 03:11:12.109736', 'c8f85b00-8c57-4e45-a89a-859915bcac99', 84990, 1, 5, 1);
INSERT INTO public.orders (id, count, date_time, number, price, status, person_id, product_id) VALUES (10, 1, '2022-12-12 15:13:22.203055', 'e459c744-1657-40b0-9279-5c4b450fde37', 84990, 1, 2, 1);
INSERT INTO public.orders (id, count, date_time, number, price, status, person_id, product_id) VALUES (3, 1, '2022-12-10 16:07:29.785391', '201e2b75-87fc-4dbb-b05c-f3a863a8ff72', 84990, 3, 2, 1);
INSERT INTO public.orders (id, count, date_time, number, price, status, person_id, product_id) VALUES (11, 1, '2022-12-12 15:42:22.451481', '30794db9-e83a-4ac7-9a07-5f21ef045b77', 59990, 1, 5, 6);


--
-- TOC entry 3628 (class 0 OID 16427)
-- Dependencies: 215
-- Data for Name: person; Type: TABLE DATA; Schema: public; Owner: postgres
--

INSERT INTO public.person (id, login, password, role) VALUES (4, 'MSI777', '$2a$10$1FTSK4pKB1KGhafkrQ91der58V1lhp3WOvl3pvLc1NUVOdpM5ZAq6', 'ROLE_ADMIN');
INSERT INTO public.person (id, login, password, role) VALUES (1, 'le.msi.group@gmail.com', '$2a$10$fc3Ij7EupIiukpZZXdTodeP/znHCKiLkVCBankBqYqmxQEQsTns5G', 'ROLE_ADMIN');
INSERT INTO public.person (id, login, password, role) VALUES (2, 'user_test', '$2a$10$dCRFV3e7sJj5k5pa8ALAO.23U7k.rQE/e7kpIuZEl7OcloH5hVsA2', 'ROLE_USER');
INSERT INTO public.person (id, login, password, role) VALUES (5, 'user2', '$2a$10$xzSUozYH6/V8trIxUONPbOLNfYH7gjy01P/Aa2aVTRvElOirvk2MK', 'ROLE_USER');
INSERT INTO public.person (id, login, password, role) VALUES (3, 'admin', '$2a$10$FnPTSW7kUmwlWC/3Vm3hg.cyYO4DwpSTpKgav3aVlwJcj37cav83q', 'ROLE_SELLER');
INSERT INTO public.person (id, login, password, role) VALUES (6, 'TestUser', '$2a$10$eLxuQ.tR82VxRvY1m3SkpOjtJu.YtsUhJOlhNM.ibTKjm8.d/bwMW', 'ROLE_USER');


--
-- TOC entry 3634 (class 0 OID 24611)
-- Dependencies: 221
-- Data for Name: product; Type: TABLE DATA; Schema: public; Owner: postgres
--

INSERT INTO public.product (id, date_time_of_created, description, price, seller, title, warehouse, category_id) VALUES (1, '2022-12-09 15:12:12.514916', 'Sony KD55X81J — телевизор с экраном, созданным на основе матрицы Triluminos Pro. Его диагональ — 55 дюймов, разрешение — 3840 х 2160 пикселей. Фирменный процессор X1 обеспечивает масштабирование изображения до 4K Ultra HD. В модели реализованы технологии HDR10, HLG и Motionflow XR 240. Мощность фронтальных динамиков — 20 Вт. Операционная система — Android. Для дистанционного управления используется Bluetooth-пульт. Доступна функция Smart TV с подключением к интернету с помощью Wi-Fi или через кабельный порт LAN. Есть встроенные часы, Sleep-таймер и защита от детей. Предусмотрена совместимость с iTunes / Airplay 2. Взаимодействие с внешними устройствами и накопителями данных обеспечивают интерфейсы HDMI и USB, также оптический выход Toslink, слот для модуля DVB CAM и 3,5-миллиметровый аудиоразъем для проводных наушников.', 84990, 'Sony Electronic', 'Телевизор Sony KD55X81J', 'Чехов', 1);
INSERT INTO public.product (id, date_time_of_created, description, price, seller, title, warehouse, category_id) VALUES (2, '2022-12-09 15:14:24.976224', 'Телевизор Samsung QE55QN87AAU оснащен 55-дюймовым (138 см) экраном формата 16:9, созданным по технологии Neo QLED, который выдает изображение разрешением 3840х2160 пикселей. Частота обновления составляет 120 Гц. Реализована система обработки картинки — масштабирование до 4K Ultra HD. Используемая технология — Neo Quantum Processor 4K. Модель работает на базе операционной системы Tizen. Встроенная аудиосистема с поддержкой Dolby Digital Plus обладает мощностью 60 Вт, что вполне достаточно, чтобы наполнить помещение чистым, объемным звуком. Управление телевизором осуществляется при помощи смартфона, который используется в качестве пульта ДУ. Модуль Bluetooth гарантирует беспроводное подключение к совместимым устройствам. Разъемы USB позволяют подключать внешние носители информации, HDMI — игровую консоль. К дополнительным функциям относятся: запись с ТВ на USB, Sleep-таймер, поддержка iTunes/Airplay 2, часы, функция TimeShift, голосовое управление. Цифровой тюнер DVB обладает стандартами T2/C/S2. В модели реализованы интерфейсы HDMI версии 2.1, USB 2.0 типа А, выход Toslink, RJ45. Потребляемая мощность составляет 129 Вт. Опция «Защита от детей» предотвращает доступ к управлению. Установка осуществляется на настольную подставку или крепление VESA 200.', 146990, 'Samsung', 'Телевизор Samsung QE55QN87AAU', 'Столбище', 1);
INSERT INTO public.product (id, date_time_of_created, description, price, seller, title, warehouse, category_id) VALUES (3, '2022-12-09 15:16:12.140229', 'Телевизор LG 50UQ80006LB с разрешением 3840x2160 пикселей оснащен разъемом USB, что позволяет просматривать ролики с накопителя. Через Wi-Fi удобно подключаться к интернету и смотреть фильмы с приложения. Встроенный Bluetooth расширяет возможности — к телевизору легко подсоединяются беспроводные колонки, клавиатура или мышь. Поддержка голосового управления облегчает поиск запроса и настройку. Частота обновления 60 Гц обеспечивает плавную картинку, а цифровое шумоподавление отфильтровывает помехи при некачественном приеме сигнала.', 62990, 'LGE', 'Телевизор LG 50UQ80006LB', 'Центральный', 1);
INSERT INTO public.product (id, date_time_of_created, description, price, seller, title, warehouse, category_id) VALUES (4, '2022-12-09 15:17:47.203041', 'Саундбар Samsung HW-A550 мощностью 710 Вт обеспечивает объемное звучание с эффектом 3D благодаря акустической системе 2.1. Также доступен игровой режим. Активный беспроводной сабвуфер с фазоинвертором усиливает басы. Габариты — 35,3х20х29 см. Вес — 5,3 кг. Фронтальный модуль размером 5,5х86х8,5 см весит 2,1 кг. Устройство с декодером DTS позволяет воспроизводить медиафайлы с внешних носителей за счет интегрированного интерфейса Bluetooth. Поддерживаемые форматы — MP3, FLAC, WMA, OGG и WAV. Для подсоединения стороннего оборудования есть разъемы HDMI, USB 2.0 типа A и Toslink. Для дистанционного управления используется пульт, работающий от двух батареек АА. Прибор питается от стандартной электросети с напряжением 220 В. Изделие потребляет 70 Вт. Корпус изготовлен из высокопрочных и износостойких материалов — пластика и металла. В комплектацию входит кабель для цифрового подключения и крепление для настенного монтажа', 25990, 'Samsung Audio', 'Саундбар Samsung HW-A550', 'Чехов', 2);
INSERT INTO public.product (id, date_time_of_created, description, price, seller, title, warehouse, category_id) VALUES (5, '2022-12-09 15:19:19.027967', 'Саундбар LG SL5Y – стильный и компактный прибор, который максимально полно погрузит вас в атмосферу происходящих на экране событий. Мощная акустическая система с беспроводным сабвуфером отличается невероятно чётким, объёмным и чистым звучанием. КОММУНИКАЦИИ Устройство располагает модулем Bluetooth, а значит, вы можете забыть о надоедливых проводах и мгновенно соединяться с саундбаром «по воздуху». Подключайте к колонке свой смартфон, и любимая музыка заиграет новыми красками. РАДУЯ ГЛАЗ Стильный и элегантный внешний вид акустики поможет ей гармонично вписаться в современный интерьер и стать его дополнением. Компактные габариты дают возможность удобного размещения там, где вам нужно, при желании устройство даже крепится на стене.', 22990, 'LGE', 'Саундбар LG SL5Y 2.1Ch 400W DTS Virtual:X Sound', 'Центральный', 2);
INSERT INTO public.product (id, date_time_of_created, description, price, seller, title, warehouse, category_id) VALUES (6, '2022-12-09 15:25:38.962817', 'Sony HT-S700RF – система домашнего кинотеатра 5.1, которая поможет вам полностью погрузиться в происходящее на экране и не пропустить ни единого нюанса. Общая выходная мощность акустики – 1000 Вт, трёхканальный саундбар, дополнительные тыловые напольные колонки и сабвуфер обеспечат объёмный, охватывающий со всех сторон звук с детальной проработкой высоких и средних частот и глубокими басами. Вам покажется, что вы в настоящем кинозале! УДОБНОЕ РЕШЕНИЕ Встроенный модуль Bluetooth отвечает за беспроводную связь – никаких мешающихся и опутывающих комнату кабелей. Система может транслировать музыкальные композиции, хранящиеся на мобильных девайсах. Подключайте ваш смартфон или планшет, поддерживаются популярные форматы MP3, WMA и WAV.', 59990, 'Sony music', 'Саундбар Sony HT-S700RF 5.1 Bluetooth', 'Столбище', 2);
INSERT INTO public.product (id, date_time_of_created, description, price, seller, title, warehouse, category_id) VALUES (7, '2022-12-09 15:26:44.394626', 'Кронштейн Resonans PWH82 разработан специально для крупногабаритных телевизоров. Он изготовлен из прочного металла и хорошо выдерживает нагрузку до 50 кг. Его можно использовать для установки совместимого устройства на стену как дома, так и в общественном месте – например, в офисе, торговом центре или магазине. РЕГУЛИРОВКА Благодаря продуманной конструкции вы легко можете наклонять экран, выбирая наиболее подходящее положение для просмотра. ПРОСТАЯ УСТАНОВКА Крепёжные изделия, необходимые для монтажа, входят в комплект поставки. При фиксации приспособления на стене следуйте инструкции.', 4799, 'Мвидео', 'Кронштейн для ТВ наклонный Resonans PWH82', 'Центральный', 3);
INSERT INTO public.product (id, date_time_of_created, description, price, seller, title, warehouse, category_id) VALUES (8, '2022-12-09 15:27:43.169426', 'Resonans PS810 – наклонно-поворотный кронштейн, совместимый с телевизором, который оборудован экраном диагональю до 55 дюймов. Максимальный вес, который он выдерживает – 35 кг, благодаря этому на такое крепление можно установить дополнительное оборудование – например, мини-компьютеры, плееры или приставки. УНИВЕРСАЛЬНОЕ ПРИМЕНЕНИЕ Изготовленный из прочного металла аксессуар подходит для установки в помещениях с любой планировкой, как дома, так и в общественных местах – например, в офисах или торговых точках. УДОБСТВО ИСПОЛЬЗОВАНИЯ В комплект поставки входит всё необходимое для монтажа, поэтому вам не потребуется приобретать дополнительный крепёж.', 6299, 'Эльдорадо', 'Кронштейн для ТВ наклонно-поворотный Resonans PS810', 'Чехов', 3);
INSERT INTO public.product (id, date_time_of_created, description, price, seller, title, warehouse, category_id) VALUES (9, '2022-12-09 15:30:30.891902', 'Кронштейн Resonans TWH89 подходит для установки телевизора в помещении со сложной планировкой. Он позволяет гибко изменять положение экрана, поворачивая его в горизонтальной плоскости, регулируя угол наклона и расстояние до стены в широком диапазоне. Держатель снабжён быстросъёмной пластиной с крепёжными отверстиями, соответствующим различным стандартам VESA. Он изготовлен из прочного металла, выдерживающего большие нагрузки.', 3399, 'ДНС', 'Кронштейн для ТВ наклонно-поворотный Resonans TWH89', 'Столбище', 3);


--
-- TOC entry 3636 (class 0 OID 24632)
-- Dependencies: 223
-- Data for Name: product_cart; Type: TABLE DATA; Schema: public; Owner: postgres
--



--
-- TOC entry 3644 (class 0 OID 0)
-- Dependencies: 216
-- Name: category_id_seq; Type: SEQUENCE SET; Schema: public; Owner: postgres
--

SELECT pg_catalog.setval('public.category_id_seq', 3, true);


--
-- TOC entry 3645 (class 0 OID 0)
-- Dependencies: 218
-- Name: image_id_seq; Type: SEQUENCE SET; Schema: public; Owner: postgres
--

SELECT pg_catalog.setval('public.image_id_seq', 45, true);


--
-- TOC entry 3646 (class 0 OID 0)
-- Dependencies: 224
-- Name: orders_id_seq; Type: SEQUENCE SET; Schema: public; Owner: postgres
--

SELECT pg_catalog.setval('public.orders_id_seq', 11, true);


--
-- TOC entry 3647 (class 0 OID 0)
-- Dependencies: 214
-- Name: person_id_seq; Type: SEQUENCE SET; Schema: public; Owner: postgres
--

SELECT pg_catalog.setval('public.person_id_seq', 6, true);


--
-- TOC entry 3648 (class 0 OID 0)
-- Dependencies: 222
-- Name: product_cart_id_seq; Type: SEQUENCE SET; Schema: public; Owner: postgres
--

SELECT pg_catalog.setval('public.product_cart_id_seq', 17, true);


--
-- TOC entry 3649 (class 0 OID 0)
-- Dependencies: 220
-- Name: product_id_seq; Type: SEQUENCE SET; Schema: public; Owner: postgres
--

SELECT pg_catalog.setval('public.product_id_seq', 9, true);


--
-- TOC entry 3468 (class 2606 OID 24603)
-- Name: category category_pkey; Type: CONSTRAINT; Schema: public; Owner: postgres
--

ALTER TABLE ONLY public.category
    ADD CONSTRAINT category_pkey PRIMARY KEY (id);


--
-- TOC entry 3470 (class 2606 OID 24609)
-- Name: image image_pkey; Type: CONSTRAINT; Schema: public; Owner: postgres
--

ALTER TABLE ONLY public.image
    ADD CONSTRAINT image_pkey PRIMARY KEY (id);


--
-- TOC entry 3478 (class 2606 OID 24652)
-- Name: orders orders_pkey; Type: CONSTRAINT; Schema: public; Owner: postgres
--

ALTER TABLE ONLY public.orders
    ADD CONSTRAINT orders_pkey PRIMARY KEY (id);


--
-- TOC entry 3466 (class 2606 OID 16433)
-- Name: person person_pkey; Type: CONSTRAINT; Schema: public; Owner: postgres
--

ALTER TABLE ONLY public.person
    ADD CONSTRAINT person_pkey PRIMARY KEY (id);


--
-- TOC entry 3476 (class 2606 OID 24636)
-- Name: product_cart product_cart_pkey; Type: CONSTRAINT; Schema: public; Owner: postgres
--

ALTER TABLE ONLY public.product_cart
    ADD CONSTRAINT product_cart_pkey PRIMARY KEY (id);


--
-- TOC entry 3472 (class 2606 OID 24618)
-- Name: product product_pkey; Type: CONSTRAINT; Schema: public; Owner: postgres
--

ALTER TABLE ONLY public.product
    ADD CONSTRAINT product_pkey PRIMARY KEY (id);


--
-- TOC entry 3474 (class 2606 OID 24620)
-- Name: product uk_qka6vxqdy1dprtqnx9trdd47c; Type: CONSTRAINT; Schema: public; Owner: postgres
--

ALTER TABLE ONLY public.product
    ADD CONSTRAINT uk_qka6vxqdy1dprtqnx9trdd47c UNIQUE (title);


--
-- TOC entry 3483 (class 2606 OID 24653)
-- Name: orders fk1b0m4muwx1t377w9if3w6wwqn; Type: FK CONSTRAINT; Schema: public; Owner: postgres
--

ALTER TABLE ONLY public.orders
    ADD CONSTRAINT fk1b0m4muwx1t377w9if3w6wwqn FOREIGN KEY (person_id) REFERENCES public.person(id);


--
-- TOC entry 3480 (class 2606 OID 24626)
-- Name: product fk1mtsbur82frn64de7balymq9s; Type: FK CONSTRAINT; Schema: public; Owner: postgres
--

ALTER TABLE ONLY public.product
    ADD CONSTRAINT fk1mtsbur82frn64de7balymq9s FOREIGN KEY (category_id) REFERENCES public.category(id);


--
-- TOC entry 3484 (class 2606 OID 24658)
-- Name: orders fk787ibr3guwp6xobrpbofnv7le; Type: FK CONSTRAINT; Schema: public; Owner: postgres
--

ALTER TABLE ONLY public.orders
    ADD CONSTRAINT fk787ibr3guwp6xobrpbofnv7le FOREIGN KEY (product_id) REFERENCES public.product(id);


--
-- TOC entry 3479 (class 2606 OID 24621)
-- Name: image fkgpextbyee3uk9u6o2381m7ft1; Type: FK CONSTRAINT; Schema: public; Owner: postgres
--

ALTER TABLE ONLY public.image
    ADD CONSTRAINT fkgpextbyee3uk9u6o2381m7ft1 FOREIGN KEY (product_id) REFERENCES public.product(id);


--
-- TOC entry 3481 (class 2606 OID 24642)
-- Name: product_cart fkhpnrxdy3jhujameyod08ilvvw; Type: FK CONSTRAINT; Schema: public; Owner: postgres
--

ALTER TABLE ONLY public.product_cart
    ADD CONSTRAINT fkhpnrxdy3jhujameyod08ilvvw FOREIGN KEY (product_id) REFERENCES public.product(id);


--
-- TOC entry 3482 (class 2606 OID 24637)
-- Name: product_cart fksgnkc1ko2i1o9yr2p63ysq3rn; Type: FK CONSTRAINT; Schema: public; Owner: postgres
--

ALTER TABLE ONLY public.product_cart
    ADD CONSTRAINT fksgnkc1ko2i1o9yr2p63ysq3rn FOREIGN KEY (person_id) REFERENCES public.person(id);


-- Completed on 2022-12-12 15:55:17 +07

--
-- PostgreSQL database dump complete
--

